text,label
Great battery life and excellent charging speed,positive
The setup was easy and the result is great,positive
Excellent value with good build quality,positive
The interface is clean fast and easy to use,positive
Great support solved my problem quickly,positive
This excellent update made the app reliable,positive
Comfortable design and very good materials,positive
Delivery was fast and the packaging was excellent,positive
The camera produces great sharp photos,positive
Performance is smooth quiet and reliable,positive
Good documentation with clear examples,positive
The great new features save me time,positive
Excellent results with an easy configuration,positive
I love this reliable product and recommend it,positive
Works great and feels like good quality,positive
The sound is excellent balanced and clear,positive
Easy controls make this a great purchase,positive
The display is bright and the colors look excellent,positive
Good connection quality and reliable performance,positive
I love how fast and easy this tool feels,positive
Excellent customer service and a great warranty,positive
The keyboard feels good and works reliably,positive
Great accuracy and excellent response time,positive
This is a good product that works very well,positive
Terrible crashes make the application unusable,negative
Battery life is poor and charging is painfully slow,negative
Bad instructions are confusing and incomplete,negative
Terrible support ignored every message I sent,negative
The broken product arrived with missing parts,negative
Performance is bad and slow for basic tasks,negative
This terrible update removed useful features,negative
Poor build quality and broken sticky buttons,negative
The bad connection drops several times an hour,negative
Setup was difficult and full of terrible errors,negative
The screen is poor dim and washed out,negative
Bad search results are inaccurate and irrelevant,negative
It overheats badly and feels unsafe to use,negative
The service is poor and far too expensive,negative
I hate this broken product and cannot recommend it,negative
Audio quality is terrible with constant noise,negative
The controls are bad and difficult to understand,negative
Poor packaging left the item badly damaged,negative
Unreliable performance makes this a terrible purchase,negative
I hate how slow and difficult this tool feels,negative
Bad customer service and a useless warranty,negative
The keyboard feels poor and works unreliably,negative
Terrible accuracy and painfully slow response time,negative
This is a bad product that works very poorly,negative
